Redirect from,Redirect to
/shop-skincare/p/agent-88-ingrown-hair-body-acne-serum,/products/agent-88-ingrown-hair-body-acne-serum
/shop-skincare/p/antioxidant-peptide-eye-gel-face-reality,/products/antioxidant-peptide-eye-gel-face-reality
/shop-skincare/p/green-envee-balance-hand-body-lotion,/products/green-envee-balance-hand-body-lotion
/shop-skincare/p/face-reality-barrier-balance-creamy-cleanser,/products/face-reality-barrier-balance-creamy-cleanser
/shop-skincare/p/botanical-bloom-hydrating-mask,/products/botanical-bloom-hydrating-mask
/shop-skincare/p/hale-hush-brilliant-eye-lip-serum,/products/hale-hush-brilliant-eye-lip-serum
/shop-skincare/p/11-l-mandelic-serum,/products/11-l-mandelic-serum
/shop-skincare/p/glowtone™-corrective-serum-face-reality,/products/glowtone%E2%84%A2-corrective-serum-face-reality
/shop-skincare/p/hydraremedy-gel-serum,/products/hydraremedy-gel-serum
/shop-skincare/p/hydroxi-acne-cream,/products/hydroxi-acne-cream
/shop-skincare/p/15-mandelic-serum-face-reality,/products/15-mandelic-serum-face-reality
/shop-skincare/p/acai-berry-moisturizer,/products/acai-berry-moisturizer
/shop-skincare/p/ageless-hydrating-serum,/products/ageless-hydrating-serum
/shop-skincare/p/antioxidant-peptide-face-serum,/products/antioxidant-peptide-face-serum
/shop-skincare/p/brighten-c-mask-face-reality,/products/brighten-c-mask-face-reality
/shop-skincare/p/citrus-c-nourishing-cream,/products/citrus-c-nourishing-cream
/shop-skincare/p/clarifying-toner-pads,/products/clarifying-toner-pads
/shop-skincare/p/cran-peptide-cream,/products/cran-peptide-cream
/shop-skincare/p/cucumber-hydration-toner,/products/cucumber-hydration-toner
/shop-skincare/p/daily-spf-30-lotion,/products/daily-spf-30-lotion
/shop-skincare/p/glycolicandreinolpads,/products/glycolicandreinolpads
/shop-skincare/p/golden-mist-cup-weny8-srrdt,/products/golden-mist-cup-weny8-srrdt
/shop-skincare/p/haleandhushduo,/products/haleandhushduo
/shop-skincare/p/hydrabalance,/products/hydrabalance
/shop-skincare/p/hydracalm-mask,/products/hydracalm-mask
/shop-skincare/p/lightaloemoisturizer,/products/lightaloemoisturizer
/shop-skincare/p/lust-for-life,/products/lust-for-life
/shop-skincare/p/michele-corley-pore-clearing-cleansing-oil,/products/michele-corley-pore-clearing-cleansing-oil
/shop-skincare/p/monolith,/products/monolith
/shop-skincare/p/peptide-eye-serum,/products/peptide-eye-serum
/shop-skincare/p/pomegranate-antioxidant-cleanser,/products/pomegranate-antioxidant-cleanser
/shop-skincare/p/quiet-wash,/products/quiet-wash
/shop-skincare/p/raspberry-refining-scrub-skin-script,/products/raspberry-refining-scrub-skin-script
/shop-skincare/p/refine-polish-exfoliant-hale-hush,/products/refine-polish-exfoliant-hale-hush
/shop-skincare/p/refresh-hand-body-lotion,/products/refresh-hand-body-lotion
/shop-skincare/p/relief-bio-powder,/products/relief-bio-powder
/shop-skincare/p/remedy-rehab-oil,/products/remedy-rehab-oil
/shop-skincare/p/retinol-2-exfoliating-scrub-mask,/products/retinol-2-exfoliating-scrub-mask
/shop-skincare/p/saint-tropez,/products/saint-tropez
/shop-skincare/p/sal-c-toner-face-reality,/products/sal-c-toner-face-reality
/shop-skincare/p/salicylic-serum,/products/salicylic-serum
/shop-skincare/p/spring-bowl-rltkk-dnchc,/products/spring-bowl-rltkk-dnchc
/shop-skincare/p/steel-eye-roller,/products/steel-eye-roller
/shop-skincare/p/stress-remedy-hand-body-lotion,/products/stress-remedy-hand-body-lotion
/shop-skincare/p/sulfur-spot-treatment,/products/sulfur-spot-treatment
/shop-skincare/p/tizo-primer-sunscreen-non-tinted,/products/tizo-primer-sunscreen-non-tinted
/shop-skincare/p/tizo-primer-sunscreen-tinted,/products/tizo-primer-sunscreen-tinted
/shop-skincare/p/ultimate-protection-spf-28,/products/ultimate-protection-spf-28
/shop-skincare/p/ultra-zinc-body-face-non-tinted,/products/ultra-zinc-body-face-non-tinted
/shop-skincare/p/ultrazincbodyandfacetinted,/products/ultrazincbodyandfacetinted
/shop-skincare/p/v5xfxmdwvahg1dyaeqqxvu5eke0550,/products/v5xfxmdwvahg1dyaeqqxvu5eke0550
/shop-skincare/p/soothing-radiance-toner,/products/soothing-radiance-toner
/shop-skincare/p/barrier-care-gel-cream,/products/barrier-care-gel-cream
/shop-skincare/p/mixi-mist,/products/mixi-mist
/shop-skincare/p/beta-serum,/products/beta-serum
/shop-skincare/p/anteage-biogel,/products/anteage-biogel
/shop-skincare/p/2x2-dental-gauze-pads-for-toner,/products/2x2-dental-gauze-pads-for-toner
/shop-skincare/p/mixi-peptide-rescue-cream,/products/mixi-peptide-rescue-cream
/shop-skincare/p/tri-peptide-eye-cream,/products/tri-peptide-eye-cream
/shop-skincare/p/charcoal-clarifying-mask,/products/charcoal-clarifying-mask
/shop-skincare/p/hush-hydrate-gel-hale-hush,/products/hush-hydrate-gel-hale-hush
/shop-skincare/p/zen-hand-body-lotion,/products/zen-hand-body-lotion
/shop-skincare/p/relax-hand-body-lotion,/products/relax-hand-body-lotion
/shop-skincare/p/sport-spf-50-lotion-solrx,/products/sport-spf-50-lotion-solrx
/shop-skincare/p/sport-spf-50-continuous-spray-solrx,/products/sport-spf-50-continuous-spray-solrx
/shop-skincare/p/femme-fatale-candle-8oz-tuff-peach-craft-co,/products/femme-fatale-candle-8oz-tuff-peach-craft-co
/shop-skincare/p/ramble-on-candle-8oz-tuff-peach-craft-co,/products/ramble-on-candle-8oz-tuff-peach-craft-co
/shop-skincare/p/sun-king-candle-8oz,/products/sun-king-candle-8oz
/shop-skincare/p/mixi-premium-compressed-towels,/products/mixi-premium-compressed-towels
/shop-skincare/p/gift-card-for-facial-spa-in-mchenry-il-esthetics-with-me,/products/gift-card-for-facial-spa-in-mchenry-il-esthetics-with-me
/shop-skincare/p/clear-plex-10,/products/clear-plex-10
/shop-skincare/p/8-mandelic-serum,/products/8-mandelic-serum
/shop-skincare/p/11-mandelic-serum,/products/11-mandelic-serum
/shop-skincare/p/clear-plex-2-8,/products/clear-plex-2-8
/shop-skincare/p/clear-plex-5,/products/clear-plex-5
/shop-skincare/p/11-mandelic-serum-1,/products/11-mandelic-serum-1
/shop-skincare/p/5-mandelic-serum,/products/5-mandelic-serum
/shop-skincare/p/ultra-gentle-gel-cleanser,/products/ultra-gentle-gel-cleanser
/shop-skincare/p/moisture-balance-toner,/products/moisture-balance-toner
